"Sample","AMGR","AMMA","ANBO","PSRE","RAAU","RACA","TAGR"
"Lentic1_1996",1,0,0,0,0,0,1
"Lentic1_1999",1,0,1,0,0,1,0
"Lentic1_2002",1,1,0,1,0,1,0
"Lentic1_2010",1,0,0,0,0,1,0
"Lentic10_1992",0,0,0,0,0,1,0
"Lentic10_1996",0,0,0,1,0,1,0
"Lentic10_2002",0,1,0,1,0,1,0
"Lentic10_2009",0,0,0,0,0,1,0
"Lentic100_1997",1,0,0,0,0,1,0
"Lentic100_1998",1,0,0,0,0,1,0
"Lentic101_1997",1,0,0,0,0,1,1
"Lentic101_1998",1,0,0,0,0,1,1
"Lentic102_1991",0,0,0,1,0,0,0
"Lentic103_1991",1,0,0,1,1,0,1
"Lentic103_1992",1,1,0,1,1,0,1
"Lentic103_1993",1,0,0,1,1,0,1
"Lentic103_1998",1,1,0,1,0,1,0
"Lentic103_2002",1,1,0,1,1,0,1
"Lentic105_1991",1,0,0,0,0,0,1
"Lentic105_1992",1,1,0,1,0,1,1
"Lentic105_1993",1,1,1,1,1,0,1
"Lentic105_1998",1,0,0,1,0,1,1
"Lentic105_2002",1,1,1,1,0,0,1
"Lentic105_2010",1,0,0,1,0,0,0
"Lentic105_2011",1,0,0,1,0,0,0
"Lentic105_2012",1,0,0,1,1,0,0
"Lentic105_2013",1,0,0,1,1,0,0
"Lentic105_2014",1,0,0,1,0,1,0
"Lentic105_2015",0,0,0,1,0,0,0
"Lentic107_1998",1,0,0,0,0,1,0
"Lentic107_2009",1,0,0,0,0,1,0
"Lentic108_2003",1,0,0,0,0,1,0
"Lentic109_2003",1,0,0,0,0,1,0
"Lentic11_1992",0,0,0,0,0,1,0
"Lentic11_1996",1,0,0,0,0,0,0
"Lentic11_2002",1,0,0,0,0,0,0
"Lentic110_2003",0,0,0,0,0,1,0
"Lentic111_1998",1,0,0,0,0,1,1
"Lentic111_2003",1,1,0,0,0,1,1
"Lentic111_2010",1,0,0,0,0,1,0
"Lentic111_2012",1,1,1,1,0,1,1
"Lentic111_2013",1,0,0,0,0,1,0
"Lentic111_2014",1,0,1,0,0,1,0
"Lentic111_2015",1,0,0,0,0,1,0
"Lentic112_2003",0,1,0,0,0,1,0
"Lentic113_1998",1,0,0,0,0,1,1
"Lentic113_2012",1,0,0,0,0,1,1
"Lentic114_2012",1,0,0,1,0,1,1
"Lentic115_1998",1,0,0,0,0,1,1
"Lentic115_1999",1,0,0,0,0,1,0
"Lentic115_2003",1,1,1,0,0,1,0
"Lentic115_2004",0,0,0,1,0,0,0
"Lentic115_2010",1,0,0,1,0,1,1
"Lentic115_2011",1,0,0,1,1,1,1
"Lentic115_2012",1,0,0,0,0,1,1
"Lentic115_2014",1,0,0,0,0,1,1
"Lentic116_1998",1,0,0,0,0,1,0
"Lentic116_2009",1,0,0,0,0,1,0
"Lentic116_2011",0,0,0,0,0,1,0
"Lentic117_2015",1,0,0,0,0,1,0
"Lentic118_1997",0,0,0,0,0,1,0
"Lentic118_1998",0,1,0,0,0,1,0
"Lentic119_1997",0,0,0,0,0,1,0
"Lentic119_2002",0,0,0,0,0,1,0
"Lentic12_2002",1,0,0,0,0,0,0
"Lentic120_1998",1,0,0,0,0,1,0
"Lentic120_2009",0,0,0,0,0,1,0
"Lentic121_1998",1,1,0,0,0,1,1
"Lentic121_2009",1,0,0,0,0,1,0
"Lentic122_1998",1,0,0,0,0,1,1
"Lentic122_2009",1,0,0,0,0,1,1
"Lentic123_1998",0,1,0,0,0,1,0
"Lentic124_1998",1,0,0,0,0,1,1
"Lentic124_2009",0,0,0,0,0,1,0
"Lentic125_1991",0,0,0,0,0,1,0
"Lentic125_1993",1,1,0,0,0,1,0
"Lentic125_1997",0,1,0,0,0,1,0
"Lentic125_2002",1,1,0,0,0,1,0
"Lentic125_2010",1,0,0,0,0,1,0
"Lentic127_1998",1,0,0,0,0,1,0
"Lentic128_1999",1,0,0,0,0,0,0
"Lentic128_2002",1,1,0,0,0,0,0
"Lentic128_2009",0,0,0,0,0,1,0
"Lentic129_1998",1,1,0,0,0,1,0
"Lentic129_2002",0,0,0,0,0,1,0
"Lentic129_2009",0,0,0,0,0,1,0
"Lentic13_1996",1,1,0,0,0,1,0
"Lentic13_2002",1,0,0,0,0,1,0
"Lentic13_2009",1,0,0,0,0,1,0
"Lentic130_1991",0,0,0,0,0,1,0
"Lentic130_2002",0,0,0,0,0,1,0
"Lentic131_2002",0,0,0,0,0,1,0
"Lentic131_2003",0,1,0,0,0,1,0
"Lentic132_2010",1,0,0,0,0,1,0
"Lentic132_2012",1,0,0,0,0,1,0
"Lentic133_1998",0,1,0,0,0,1,0
"Lentic133_2000",0,0,1,0,0,1,0
"Lentic133_2003",1,1,1,0,0,1,0
"Lentic133_2004",0,0,1,0,0,0,0
"Lentic133_2010",1,0,0,0,0,1,0
"Lentic133_2011",1,0,0,0,1,1,0
"Lentic133_2012",1,0,1,0,0,1,0
"Lentic133_2013",1,0,1,0,0,1,0
"Lentic133_2014",1,0,1,0,0,1,0
"Lentic133_2015",1,0,1,0,0,1,0
"Lentic134_2003",0,0,0,0,0,1,0
"Lentic134_2010",1,0,0,0,0,1,0
"Lentic134_2011",1,0,0,0,0,1,0
"Lentic134_2012",0,0,0,0,0,1,0
"Lentic135_1998",1,1,0,0,0,0,1
"Lentic136_2002",1,0,1,0,0,1,0
"Lentic136_2003",1,1,0,0,0,1,0
"Lentic136_2011",1,0,0,0,0,1,0
"Lentic136_2014",1,0,0,0,0,1,0
"Lentic136_2015",1,0,0,0,0,1,0
"Lentic137_2009",1,0,0,0,0,1,0
"Lentic137_2010",1,0,1,0,0,1,0
"Lentic138_2002",1,0,1,0,0,1,1
"Lentic138_2003",1,1,1,0,0,1,0
"Lentic138_2004",0,0,1,0,0,0,0
"Lentic138_2009",1,1,0,1,0,1,0
"Lentic138_2010",1,1,1,0,0,1,0
"Lentic138_2011",1,0,1,0,0,1,0
"Lentic138_2012",1,0,1,0,0,1,0
"Lentic138_2014",1,1,1,0,0,1,0
"Lentic138_2015",1,0,0,0,0,1,0
"Lentic139_2002",1,0,0,0,0,1,0
"Lentic14_2002",0,0,0,0,0,1,0
"Lentic140_1992",1,0,0,0,0,0,0
"Lentic140_1993",1,1,0,0,0,1,0
"Lentic140_1999",1,1,0,0,0,1,0
"Lentic140_2002",1,0,1,0,0,1,0
"Lentic140_2003",1,1,1,0,0,0,0
"Lentic140_2010",1,1,0,0,0,1,0
"Lentic141_1992",1,0,1,0,0,1,0
"Lentic141_1993",1,1,0,0,0,1,0
"Lentic141_1999",1,1,0,0,0,1,0
"Lentic141_2002",1,0,0,0,0,1,0
"Lentic141_2003",1,0,0,0,0,1,0
"Lentic141_2008",0,0,0,0,0,0,1
"Lentic141_2009",1,1,0,0,0,1,0
"Lentic142_2002",1,0,0,0,0,1,0
"Lentic142_2009",1,0,0,1,0,1,0
"Lentic142_2010",1,0,0,0,0,1,0
"Lentic142_2011",1,0,0,0,0,1,0
"Lentic142_2012",1,1,1,0,0,1,0
"Lentic142_2013",1,0,0,0,0,1,0
"Lentic142_2014",1,0,0,0,0,1,0
"Lentic143_2002",0,0,0,0,0,1,0
"Lentic144_2002",0,0,0,0,0,1,0
"Lentic144_2009",0,0,0,1,0,1,0
"Lentic144_2011",1,0,0,0,0,1,0
"Lentic144_2015",0,0,0,0,0,1,0
"Lentic146_1997",1,0,0,0,0,1,0
"Lentic146_1999",1,0,0,0,0,0,0
"Lentic146_2002",1,0,0,0,0,1,0
"Lentic147_2002",1,0,0,1,0,1,0
"Lentic148_1999",1,0,0,0,0,0,0
"Lentic148_2002",1,0,0,0,0,1,1
"Lentic149_1994",0,1,0,0,0,0,0
"Lentic15_2002",0,0,0,1,0,1,0
"Lentic150_1995",1,0,0,0,0,0,0
"Lentic150_1999",1,0,0,0,0,0,0
"Lentic151_1995",1,0,0,0,0,0,0
"Lentic151_1999",1,0,0,0,0,0,0
"Lentic152_1995",1,0,0,0,0,1,0
"Lentic153_1993",1,1,0,0,0,0,0
"Lentic153_2002",1,0,0,0,0,1,0
"Lentic153_2012",1,0,0,0,0,1,0
"Lentic154_1993",1,0,0,0,0,0,0
"Lentic154_2002",1,0,0,0,0,1,0
"Lentic155_1993",0,0,0,0,0,1,0
"Lentic155_1995",1,0,0,0,0,1,0
"Lentic155_2002",0,0,0,0,0,1,0
"Lentic156_1994",0,0,0,0,0,1,0
"Lentic156_2002",0,0,0,0,0,1,0
"Lentic157_1993",1,0,0,0,0,0,0
"Lentic157_2002",1,0,0,0,0,1,0
"Lentic158_1993",1,0,0,0,0,0,0
"Lentic158_2002",1,0,0,0,0,1,0
"Lentic158_2009",0,0,0,0,0,1,0
"Lentic159_2002",0,0,0,0,0,1,0
"Lentic16_1996",1,0,0,0,0,1,0
"Lentic16_1999",1,1,0,0,0,1,0
"Lentic16_2002",1,0,0,0,0,1,0
"Lentic160_1995",1,0,0,0,0,0,0
"Lentic160_2009",1,1,0,0,0,1,0
"Lentic160_2012",1,1,0,0,0,1,0
"Lentic161_2005",1,0,0,0,0,1,0
"Lentic162_1994",1,0,0,0,0,1,0
"Lentic162_1996",1,0,0,0,0,1,0
"Lentic162_2008",1,0,0,0,0,1,0
"Lentic162_2010",1,0,0,0,0,1,0
"Lentic163_1994",1,0,0,0,0,0,0
"Lentic163_2009",1,1,0,1,0,1,0
"Lentic163_2010",1,0,0,0,0,1,0
"Lentic164_1994",1,0,0,0,0,1,0
"Lentic165_1996",0,1,0,0,0,1,0
"Lentic166_1994",0,0,0,0,0,1,0
"Lentic167_1994",0,0,0,0,0,1,0
"Lentic168_1996",1,1,0,0,0,1,0
"Lentic169_1994",1,1,0,0,0,1,0
"Lentic169_2002",1,1,0,0,0,1,0
"Lentic169_2003",1,0,0,0,0,1,0
"Lentic169_2008",1,0,0,0,0,1,0
"Lentic17_1992",1,1,0,0,0,1,1
"Lentic17_2002",1,0,0,1,0,0,0
"Lentic170_1994",0,1,0,0,0,1,0
"Lentic171_1994",0,1,0,0,0,1,0
"Lentic171_1996",0,1,0,0,0,1,0
"Lentic172_1996",0,1,0,0,0,1,0
"Lentic173_1993",1,1,0,0,0,0,0
"Lentic173_1995",1,0,0,0,0,1,0
"Lentic173_1996",1,1,0,0,0,1,0
"Lentic174_2009",0,0,0,0,0,1,0
"Lentic175_1991",1,1,0,0,0,1,0
"Lentic175_1993",1,1,0,0,0,1,0
"Lentic175_1994",1,1,0,0,0,0,0
"Lentic175_2009",1,0,0,0,0,1,0
"Lentic176_1993",0,1,0,0,0,0,0
"Lentic176_1994",0,1,0,0,0,1,0
"Lentic176_1996",0,1,0,0,0,1,0
"Lentic176_1998",0,1,0,0,0,1,0
"Lentic177_1994",0,1,0,0,0,1,0
"Lentic177_1996",0,1,0,0,0,1,0
"Lentic178_2002",0,0,0,0,0,1,0
"Lentic179_1999",1,0,0,0,0,0,0
"Lentic179_2002",1,0,1,0,0,1,1
"Lentic179_2003",1,0,1,0,0,1,1
"Lentic179_2004",0,0,1,0,0,0,0
"Lentic179_2011",1,0,1,0,1,1,0
"Lentic179_2013",1,0,1,0,0,1,0
"Lentic18_2002",1,0,0,0,0,1,0
"Lentic180_2010",1,0,0,0,0,1,0
"Lentic180_2012",1,0,1,0,0,0,0
"Lentic180_2015",1,0,0,0,0,1,0
"Lentic181_1993",1,1,0,0,0,0,0
"Lentic182_1993",1,1,0,0,0,0,0
"Lentic183_1993",1,0,0,0,0,0,0
"Lentic183_2009",1,1,0,0,0,1,0
"Lentic184_1993",1,1,0,0,0,0,0
"Lentic185_1993",1,1,0,0,0,0,0
"Lentic185_1994",1,0,0,0,0,1,0
"Lentic185_2009",1,0,0,0,0,0,0
"Lentic186_1994",1,0,0,0,0,1,0
"Lentic186_1996",1,1,0,0,0,1,0
"Lentic188_1995",0,1,0,0,0,1,0
"Lentic188_1996",0,1,0,0,0,1,0
"Lentic188_2002",1,0,0,0,0,1,0
"Lentic189_1994",1,0,0,0,0,1,0
"Lentic189_1996",1,1,0,0,0,0,0
"Lentic189_2002",1,1,0,0,0,1,0
"Lentic19_1992",1,0,0,0,0,1,0
"Lentic19_1996",1,0,0,0,0,1,0
"Lentic19_2002",0,0,0,0,0,1,0
"Lentic190_1994",0,1,0,0,0,1,0
"Lentic190_2002",1,1,0,0,0,1,0
"Lentic191_1995",0,1,0,0,0,1,0
"Lentic191_2002",0,0,0,0,0,1,0
"Lentic192_1994",0,1,0,0,0,1,0
"Lentic192_2002",1,1,0,0,0,1,0
"Lentic193_1995",0,1,0,0,0,1,0
"Lentic193_2002",0,1,0,0,0,1,0
"Lentic194_1993",1,1,0,0,0,0,0
"Lentic194_2002",1,0,0,0,0,1,0
"Lentic194_2009",1,1,0,0,0,1,0
"Lentic195_1994",0,0,0,0,0,1,0
"Lentic196_2002",0,0,0,1,0,1,0
"Lentic197_1997",0,1,0,0,0,0,0
"Lentic197_2002",0,1,0,0,0,1,0
"Lentic198_1991",0,1,0,0,0,1,0
"Lentic198_1993",1,1,0,0,0,0,0
"Lentic198_1995",0,1,0,0,0,0,0
"Lentic198_1999",1,1,0,0,0,1,0
"Lentic198_2002",0,1,0,1,0,1,0
"Lentic198_2009",0,1,0,0,0,0,0
"Lentic198_2010",1,1,0,0,0,1,0
"Lentic198_2011",1,1,0,0,0,1,0
"Lentic199_1995",0,1,0,0,0,1,0
"Lentic199_1997",0,0,0,0,0,1,0
"Lentic2_2002",1,0,0,0,0,1,0
"Lentic20_1999",0,0,0,0,0,1,0
"Lentic20_2002",1,1,0,0,0,1,0
"Lentic200_1995",1,0,0,0,0,1,0
"Lentic201_1995",1,0,0,0,0,0,1
"Lentic201_2002",1,0,0,1,0,1,1
"Lentic202_1993",1,0,0,0,0,0,0
"Lentic202_1995",1,0,0,0,0,0,1
"Lentic202_2002",1,1,0,0,0,1,1
"Lentic203_1995",1,1,0,0,0,1,0
"Lentic203_2002",1,1,0,0,0,1,0
"Lentic204_1995",1,0,0,0,0,1,0
"Lentic205_1995",0,1,0,0,0,1,0
"Lentic206_1995",0,1,0,0,0,1,0
"Lentic207_1997",1,0,0,0,0,1,0
"Lentic208_1997",0,1,1,0,0,1,0
"Lentic208_2000",0,0,1,0,0,1,0
"Lentic208_2003",1,1,1,0,0,1,0
"Lentic208_2010",1,0,1,0,0,1,0
"Lentic208_2011",1,0,1,0,1,0,0
"Lentic208_2012",0,0,1,0,0,1,0
"Lentic208_2013",0,0,1,0,0,1,0
"Lentic209_2003",1,0,0,0,0,1,0
"Lentic21_1996",1,0,0,0,0,1,0
"Lentic21_2002",1,1,0,0,0,1,0
"Lentic21_2009",1,0,0,0,0,1,0
"Lentic210_1997",0,0,0,0,0,1,0
"Lentic210_2003",0,0,0,0,0,1,0
"Lentic212_1997",1,1,0,0,0,1,0
"Lentic213_1997",1,0,0,0,0,0,1
"Lentic214_2002",1,0,0,1,0,1,1
"Lentic215_1997",1,0,0,0,0,1,1
"Lentic215_2002",1,0,0,0,0,1,0
"Lentic216_1997",0,1,0,0,0,1,0
"Lentic216_2002",1,1,0,0,0,1,0
"Lentic216_2012",1,0,0,0,0,1,0
"Lentic217_1997",0,1,0,0,0,1,0
"Lentic217_2002",1,0,0,0,0,1,0
"Lentic218_1997",0,1,0,0,0,0,0
"Lentic218_2002",1,0,0,0,0,1,0
"Lentic218_2006",1,0,0,0,0,1,0
"Lentic219_1997",1,0,0,0,0,1,0
"Lentic22_1996",1,0,0,0,0,1,0
"Lentic220_1997",1,0,0,0,0,1,0
"Lentic221_1997",1,0,0,0,0,1,0
"Lentic222_1997",1,0,0,0,0,1,0
"Lentic223_2009",1,1,0,0,0,1,0
"Lentic224_1997",1,1,0,0,0,1,0
"Lentic225_1997",0,1,0,0,0,1,0
"Lentic226_1997",0,0,0,0,0,1,0
"Lentic227_1991",1,1,0,0,0,0,0
"Lentic227_1993",1,0,0,0,0,0,1
"Lentic227_1997",1,0,0,0,0,0,0
"Lentic227_1999",1,1,0,0,0,0,0
"Lentic227_2003",1,0,0,0,0,0,0
"Lentic227_2005",0,0,0,0,0,0,1
"Lentic227_2009",1,0,0,0,0,1,0
"Lentic228_2010",0,0,0,0,1,0,0
"Lentic228_2011",0,0,0,0,1,0,0
"Lentic229_2010",1,0,0,0,0,1,0
"Lentic23_1996",1,1,0,0,0,1,0
"Lentic23_2009",1,0,0,0,0,1,0
"Lentic230_1991",1,0,0,0,0,0,0
"Lentic230_1993",1,0,0,0,0,1,0
"Lentic230_1997",1,0,0,0,0,0,0
"Lentic230_2003",1,0,0,0,0,1,0
"Lentic230_2008",0,0,0,0,0,0,1
"Lentic231_1997",1,0,0,1,0,1,1
"Lentic231_2003",1,1,0,0,0,1,0
"Lentic231_2004",0,0,0,1,0,0,0
"Lentic231_2009",1,0,0,0,0,1,0
"Lentic231_2010",1,0,0,0,0,1,0
"Lentic232_1991",0,0,0,0,0,1,0
"Lentic232_2003",0,0,0,0,0,1,0
"Lentic233_2003",1,1,0,1,0,1,0
"Lentic233_2009",0,0,0,0,0,1,0
"Lentic234_2003",0,0,0,0,0,1,0
"Lentic235_2003",1,0,0,0,0,1,0
"Lentic235_2010",1,0,0,0,0,1,0
"Lentic236_1998",0,0,0,0,0,1,0
"Lentic236_2009",0,0,0,0,0,1,0
"Lentic238_1997",0,0,0,0,0,1,0
"Lentic238_2009",0,0,0,0,0,1,0
"Lentic239_2009",0,1,0,0,0,1,0
"Lentic24_1996",1,0,0,0,0,1,0
"Lentic24_2002",1,0,0,0,0,1,0
"Lentic240_2009",0,1,0,0,0,1,0
"Lentic241_2009",0,1,0,0,0,1,0
"Lentic242_2009",1,1,0,0,0,1,0
"Lentic243_2009",1,1,0,0,0,0,0
"Lentic25_1996",1,0,0,0,0,1,0
"Lentic25_2002",1,0,0,0,0,1,0
"Lentic26_1996",1,0,0,0,0,1,0
"Lentic26_2002",1,1,0,0,0,1,1
"Lentic27_2002",1,1,0,0,0,1,0
"Lentic28_2002",1,1,0,0,0,1,0
"Lentic29_1996",1,0,0,0,0,1,0
"Lentic29_2002",1,0,0,0,0,1,1
"Lentic3_1996",1,0,0,0,0,1,0
"Lentic3_2002",1,0,0,0,0,1,0
"Lentic3_2014",1,0,0,1,0,1,0
"Lentic30_2002",0,1,0,0,0,1,0
"Lentic31_1996",0,0,0,1,0,0,0
"Lentic31_2002",0,0,0,0,0,1,0
"Lentic31_2010",0,0,0,0,0,1,0
"Lentic32_1996",1,0,0,0,0,0,0
"Lentic32_1999",1,0,0,0,0,1,0
"Lentic32_2005",1,0,0,0,0,1,1
"Lentic32_2011",1,0,0,0,1,1,1
"Lentic32_2014",1,0,0,0,0,1,0
"Lentic32_2015",1,0,0,0,0,1,0
"Lentic33_1996",0,0,0,0,0,1,0
"Lentic33_2002",0,0,0,0,0,1,0
"Lentic33_2010",0,0,0,0,0,1,0
"Lentic34_2002",0,0,0,0,0,1,0
"Lentic35_1999",1,0,0,0,0,0,0
"Lentic36_1996",1,1,0,0,0,0,0
"Lentic37_1996",1,1,0,0,0,0,0
"Lentic37_1999",1,1,0,0,0,0,0
"Lentic37_2009",1,0,0,0,0,1,1
"Lentic38_1991",1,0,0,0,0,1,0
"Lentic39_1996",0,0,0,0,0,1,0
"Lentic39_1999",0,0,0,0,0,1,1
"Lentic4_1996",0,0,0,0,0,1,0
"Lentic4_2002",1,0,0,0,0,1,0
"Lentic40_1996",1,0,0,0,0,0,0
"Lentic40_2002",0,0,0,0,0,1,0
"Lentic40_2009",1,0,0,0,0,0,0
"Lentic41_2002",1,1,0,0,0,1,0
"Lentic42_2002",1,0,0,0,0,1,1
"Lentic42_2009",1,0,0,0,0,1,1
"Lentic43_2002",1,0,0,0,0,1,1
"Lentic43_2009",1,0,0,0,0,1,0
"Lentic44_2009",1,0,0,0,0,0,0
"Lentic45_2012",1,0,0,1,1,0,1
"Lentic46_1996",1,0,0,0,0,0,0
"Lentic46_2002",1,0,0,1,0,0,0
"Lentic47_2002",1,0,0,0,1,0,0
"Lentic47_2009",0,0,0,0,1,0,0
"Lentic48_1991",1,0,0,1,0,0,0
"Lentic48_1993",1,0,0,1,0,0,0
"Lentic48_1996",1,1,0,0,0,0,0
"Lentic48_2002",1,0,0,0,0,0,1
"Lentic48_2008",0,0,0,0,0,0,1
"Lentic48_2009",1,0,0,0,0,1,0
"Lentic49_2003",1,0,0,0,0,0,0
"Lentic5_2002",1,0,0,0,0,1,0
"Lentic5_2011",1,0,0,0,0,1,0
"Lentic5_2015",1,0,0,0,0,1,0
"Lentic50_2006",1,1,0,0,0,1,0
"Lentic51_1996",0,0,0,0,0,1,1
"Lentic52_1996",0,1,0,0,0,0,0
"Lentic53_1996",0,1,0,0,0,1,0
"Lentic54_1996",0,0,0,0,0,1,0
"Lentic55_1996",0,0,0,0,0,1,0
"Lentic56_1996",1,0,0,0,0,1,0
"Lentic57_1996",0,0,0,0,0,1,0
"Lentic58_1996",0,0,0,0,0,1,0
"Lentic6_1993",1,0,0,0,0,0,0
"Lentic6_1996",1,1,0,0,0,0,1
"Lentic6_1999",1,0,0,0,0,1,0
"Lentic6_2002",1,0,0,0,0,1,0
"Lentic6_2009",1,0,0,0,0,1,0
"Lentic6_2011",1,0,0,0,0,1,0
"Lentic60_1998",1,1,0,0,0,1,1
"Lentic61_1996",1,0,0,0,0,1,0
"Lentic62_1991",1,1,0,0,0,0,0
"Lentic62_1993",1,0,0,0,0,0,1
"Lentic62_1996",1,0,0,0,0,0,1
"Lentic62_2002",1,0,0,0,0,0,1
"Lentic63_1991",1,1,1,1,0,1,0
"Lentic63_1993",1,0,0,0,0,1,0
"Lentic63_1996",0,1,0,1,0,1,0
"Lentic63_2002",1,0,0,0,0,1,0
"Lentic63_2014",1,1,0,0,0,1,0
"Lentic64_1991",1,0,0,0,0,1,0
"Lentic64_1993",1,1,0,0,0,1,0
"Lentic64_1996",1,0,0,0,0,1,0
"Lentic64_2002",1,0,0,0,0,1,0
"Lentic64_2009",1,1,0,0,0,1,0
"Lentic64_2010",1,0,0,0,0,1,0
"Lentic64_2011",1,0,0,0,0,1,0
"Lentic65_1996",0,0,0,0,0,1,0
"Lentic65_1998",0,1,0,0,0,1,0
"Lentic65_2009",0,0,0,0,0,1,0
"Lentic66_1996",1,0,0,0,0,1,0
"Lentic66_1998",1,0,0,0,0,0,0
"Lentic66_2009",1,0,0,0,0,0,0
"Lentic66_2010",1,0,0,0,0,0,0
"Lentic67_1996",1,0,0,0,0,1,0
"Lentic67_2010",1,1,0,0,0,1,0
"Lentic68_1996",1,0,0,0,0,0,0
"Lentic68_2010",1,0,0,0,0,1,0
"Lentic69_2002",0,0,0,0,0,1,0
"Lentic69_2013",1,1,0,0,0,1,0
"Lentic7_1993",1,0,0,0,0,1,0
"Lentic7_1996",1,1,0,0,0,1,0
"Lentic7_2002",0,0,0,1,0,1,0
"Lentic7_2009",1,0,0,0,0,1,0
"Lentic7_2011",1,0,0,0,1,1,1
"Lentic70_1996",0,0,0,0,0,1,0
"Lentic70_1998",0,1,0,0,0,1,0
"Lentic70_2002",0,1,0,0,0,1,0
"Lentic71_2013",1,0,0,0,0,1,0
"Lentic72_1998",1,0,0,0,0,1,0
"Lentic73_1996",1,0,0,0,0,1,0
"Lentic73_1997",1,0,0,0,0,1,0
"Lentic73_2002",1,1,0,0,0,1,0
"Lentic73_2009",1,1,0,0,0,1,0
"Lentic73_2013",0,0,0,0,0,1,0
"Lentic74_1991",0,0,0,0,0,1,0
"Lentic74_1996",0,0,0,0,0,1,0
"Lentic74_1997",0,0,0,0,0,1,0
"Lentic74_2002",0,0,0,0,0,1,0
"Lentic74_2009",1,0,0,0,0,1,0
"Lentic75_1996",1,0,0,0,0,0,0
"Lentic75_1997",1,0,0,0,0,1,0
"Lentic75_2002",1,0,0,0,0,1,0
"Lentic76_1991",1,0,0,0,0,0,0
"Lentic76_1996",1,0,0,0,0,0,0
"Lentic76_2002",1,0,0,0,0,1,0
"Lentic77_1991",0,0,0,0,0,1,0
"Lentic77_1999",0,0,0,0,0,1,0
"Lentic77_2002",0,0,0,0,0,1,0
"Lentic77_2003",0,0,0,0,0,1,0
"Lentic77_2011",0,0,0,0,0,1,0
"Lentic78_1996",0,1,0,0,0,0,0
"Lentic79_1993",1,0,0,0,0,0,0
"Lentic79_1996",1,0,0,0,0,0,0
"Lentic79_2000",0,1,0,0,0,1,0
"Lentic79_2002",1,0,0,0,0,1,0
"Lentic8_1992",1,0,0,0,0,1,0
"Lentic8_1996",1,1,0,0,0,1,1
"Lentic8_1999",1,0,0,0,0,1,0
"Lentic8_2002",1,0,0,0,0,0,0
"Lentic80_1991",0,0,0,0,0,1,0
"Lentic80_1992",1,1,0,0,0,1,0
"Lentic80_1993",1,1,0,0,0,1,0
"Lentic80_2011",1,0,0,0,0,0,0
"Lentic81_1996",1,1,0,0,0,1,0
"Lentic81_2002",1,1,0,0,0,1,0
"Lentic81_2010",1,0,0,0,0,1,0
"Lentic81_2011",1,0,0,0,1,1,0
"Lentic82_1996",1,0,0,0,0,0,0
"Lentic82_2003",0,0,0,0,0,1,0
"Lentic82_2009",1,0,0,0,0,1,0
"Lentic83_2009",0,0,0,0,0,1,0
"Lentic84_1996",0,0,0,0,0,1,0
"Lentic84_2002",0,0,0,0,0,1,0
"Lentic84_2009",0,1,0,0,0,1,0
"Lentic85_1996",0,0,0,0,0,1,0
"Lentic85_2003",0,1,0,0,0,1,0
"Lentic86_2014",0,1,0,0,0,1,0
"Lentic87_1998",1,1,0,0,0,0,0
"Lentic87_2009",0,0,0,0,0,1,0
"Lentic88_1996",0,0,0,0,0,1,0
"Lentic88_1997",0,0,0,0,0,1,0
"Lentic88_1999",0,0,0,0,0,1,0
"Lentic88_2003",0,0,0,0,0,1,0
"Lentic88_2009",0,0,0,0,0,1,0
"Lentic89_1991",0,0,1,0,0,1,0
"Lentic89_1999",1,0,0,0,0,0,1
"Lentic89_2000",0,0,0,0,0,1,0
"Lentic89_2002",0,0,0,1,0,1,0
"Lentic89_2003",1,0,0,0,0,1,0
"Lentic89_2010",1,0,0,0,0,1,0
"Lentic89_2011",1,0,0,0,1,0,0
"Lentic89_2012",1,0,0,0,0,1,0
"Lentic89_2013",1,0,0,0,0,1,0
"Lentic9_1996",1,0,0,0,0,0,0
"Lentic9_1999",1,0,1,0,0,1,0
"Lentic9_2002",1,0,0,0,0,1,0
"Lentic9_2009",1,0,0,0,0,1,0
"Lentic9_2011",1,0,0,0,0,1,1
"Lentic9_2014",1,0,0,0,0,1,0
"Lentic9_2015",1,0,0,0,0,1,0
"Lentic90_1998",1,0,0,0,0,0,0
"Lentic91_1998",1,0,0,0,0,1,0
"Lentic92_1998",1,0,0,0,0,1,0
"Lentic93_1991",1,1,1,1,0,1,1
"Lentic93_1993",1,0,0,1,0,1,1
"Lentic93_2002",1,0,0,1,0,1,1
"Lentic93_2003",0,0,1,1,0,1,0
"Lentic93_2005",0,0,0,0,0,0,1
"Lentic93_2010",1,0,1,1,0,1,0
"Lentic93_2011",1,0,0,1,0,1,0
"Lentic93_2012",1,0,1,1,0,1,0
"Lentic93_2013",1,0,0,0,0,1,0
"Lentic93_2014",1,0,0,0,0,1,0
"Lentic93_2015",1,0,0,0,0,1,0
"Lentic94_1991",1,1,0,0,0,0,0
"Lentic94_1998",1,1,1,0,0,0,1
"Lentic94_2002",1,0,1,1,0,0,1
"Lentic94_2003",1,0,1,1,0,1,0
"Lentic94_2004",0,0,1,0,0,0,0
"Lentic94_2010",1,0,0,1,0,0,0
"Lentic94_2011",1,0,0,0,0,1,0
"Lentic95_1998",1,1,0,1,0,1,1
"Lentic96_1998",0,0,0,0,0,1,0
"Lentic97_2011",1,0,0,0,0,1,0
"Lentic98_1998",1,1,0,0,0,1,0
"Lentic98_2009",1,0,0,0,0,1,0
"Lentic99_1998",1,0,0,1,0,1,0
